name,taxon_id,family,count
Aaroniella badonneli,473200,245157,32
Acantholeberis curvirostris,483847,1068393,7
Acanthosoma haemorrhoidale,51149,51159,4709
Acilius sulcatus,130410,57659,591
Acopauropus ornatus,1195707,373019,1
Adela reaumurella,56203,51270,2618
Adelges laricis,430129,61515,32
Aderus populneus,212506,172767,33
Aedes vexans,155387,52134,1022
Aeolothrips collaris,548683,245155,4
Agapetus fuscipes,321932,172831,1
Agathomyia wankowiczii,892440,336703,35
Agelastica alni,210933,51146,9199
Agraylea multipunctata,212803,129646,75
Agrypnus murinus,52406,53248,3944
Agyrtes castaneus,538962,176882,5
Aleyrodes proletella,409563,154784,90
Allacma fusca,356218,171631,329
Alloxysta victrix,385361,203209,2
Alucita hexadactyla,70203,48148,1534
Amaurobius ferox,127022,49550,1066
Amblyteles armatorius,127719,47199,887
Ameles spallanzania,430051,1097048,1356
Anagrus atomus,385562,203203,2
Anaspis maculata,496270,173241,419
Anastatus catalonicus,1127866,176401,6
Anax junius,67731,51469,25693
Andrena fulva,60579,57668,2998
Anelasmocephalus cambridgei,526528,354551,37
Anisolabis maritima,127193,245158,472
Anisotoma humeralis,456778,60571,64
Anoplius viaticus,461636,54028,660
Anoplotrupes stercorosus,125655,60539,15378
Antherophagus pallens,130584,174139,16
Anthidium manicatum,62453,52777,8902
Anthocoris nemorum,359507,174592,713
Anthomyia procellaris,322343,49996,346
Anthophila fabriciana,321979,67432,2879
Anthrenus verbasci,120113,81951,6550
Anurida maritima,203347,83891,453
Anyphaena accentuata,319828,83722,2600
Anystis baccarum,262721,245050,11
Apatania zonella,213884,173235,2
Aphelocheirus aestivalis,546897,360948,43
Apion frumentarium,205779,61949,600
Apis mellifera,47219,47221,257581
Aplocnemus nigricornis,467738,903248,14
Apoda limacodes,324132,84165,1382
Apoderus coryli,60472,60474,1386
Apterygida albipennis,1416568,49528,524
Aquarius paludum,360902,59653,1408
Arachnocephalus vestitus,466305,120481,428
Aradus depressus,204846,61254,278
Argas persicus,263516,123675,3
Arge ochropus,447507,82227,1151
Argiope bruennichi,50867,47535,16956
Argulus foliaceus,467516,144120,12
Argyresthia goedartella,214138,85600,889
Armadillidium vulgare,56083,48296,44469
Armadillo officinalis,319939,85603,682
Armadilloniscus ellipticus,469851,339098,56
Arrhopalites caecus,296634,171235,2
Artemia parthenogenetica,461275,85605,1
Arthroplea congener,987911,173185,1
Asiraca clavicornis,450685,123608,540
Aspidiphorus orbiculatus,924103,176620,9
Asteia amoena,707335,173269,24
Asterodiaspis ilicicola,1153369,321513,6
Atelura formicaria,541898,178895,82
Atemnus politus,1266480,432754,6
Athalia rosae,333154,60628,1531
Atherix ibis,738294,154586,73
Atypus affinis,318905,61443,121
Aulacigaster pappi,1394749,371084,1
Aulacus striatus,476076,145378,4
Austropotamobius pallipes,94974,53709,370
Axia margarita,714432,319909,23
Badonnelia titei,1454169,467077,2
Batrachedra praeangusta,214908,173417,142
Bedellia somnulentella,214958,173416,214
Belisarius xambeui,130034,1286465,34
Bena bicolorana,360836,52873,665
Beraea pullata,533441,173415,2
Bertkauia lucifuga,1071237,245143,106
Bethylus cephalotes,498476,203283,1
Bibio marci,56096,56097,1116
Biphyllus lunatus,577756,173920,48
Bitoma crenata,215232,47592,399
Bittacus italicus,856422,49363,17
Blaniulus guttulatus,133831,133832,283
Blasticotoma filiceti,856298,856577,3
Blastobasis phycidella,319549,173093,40
Blastophaga psenes,653247,121523,10
Blattella germanica,121237,1425419,1620
Blepharicera fasciata,627633,49361,2
Bombylius major,51557,51558,11906
Boreus hyemalis,430143,173350,35
Bosmina longirostris,203468,171264,34
Bostrichus capucinus,358395,47625,170
Bothrideres bipunctatus,625715,173345,44
Bourletiella hortensis,386771,179535,95
Brachodes funebris,466370,123028,13
Brachycentrus maculatus,1199836,172761,4
Brachymeria podagrica,264880,121516,102
Brachypauropus hamiger,1389676,372963,1
Brachypterus urticae,215401,332219,32
Brachystomella parvula,296566,205710,2
Branchipus schaefferi,856252,85646,140
Braula coeca,510331,56882,2
Bryocamptus vejdovskyi,988390,85656,1
Bucculatrix thoracella,207526,173305,77
Buthus occitanus,127312,119058,433
Bythotrephes longimanus,199410,171272,19
Byturus ochraceus,130843,130844,273
Caecosphaeroma burgundum,1362572,49532,3
Caenis horaria,546137,173246,6
Calameuta filiformis,494327,143247,48
Calamoceras marsupus,1138568,173239,4
Caliscelis bonellii,325773,173236,47
Callipus foetidissimus,919441,919443,15
Calophya rhois,1089288,326724,5
Calopteryx splendens,51824,47929,13415
Calyptomerus dubius,655057,174593,1
Campichoeta punctum,1200277,981207,3
Campodea augens,1241305,56214,1
Camptopus lateralis,326890,62059,1824
Canestrinia dorcicola,1469410,246200,1
Capnia vidua,495426,172900,2
Capnodis tenebrionis,336708,54964,1057
Carabus nemoralis,56552,49567,7257
Carcina quercana,205221,1240139,1828
Carnus hemapterus,943533,329801,1
Centrotus cornutus,362433,49024,1500
Cepheia longiseta,783806,416718,10
Cephenemyia stimulator,626816,154882,114
Cerapterocerus mirabilis,299284,69778,4
Ceratocombus coleoptratus,887462,372971,9
Ceratophyllus hirundinis,424347,245153,2
Ceratophysella denticulata,85251,125614,1
Cercopis vulnerata,61862,61863,7592
Cerobasis guestfalica,245799,245141,130
Cerophytum elateroides,1044466,47887,7
Cerylon histeroides,547841,174498,24
Cetonana laticeps,786804,416721,43
Chaetodactylus osmiae,1459452,429826,1
Chalcolestes viridis,124488,47930,4932
Chaoborus flavicans,129900,129901,5
Cheiracanthium mildei,61869,808367,1471
Cheiridium museorum,656880,172467,1
Chelifer cancroides,409775,245019,342
Chilacis typhae,467709,372918,133
Chimarra marginata,469226,154581,90
Chloromyia formosa,326598,70127,4009
Chordeuma proximum,336964,336973,2
Chrysoclista linneella,364095,81988,160
Chrysopa perla,52424,52425,1358
Chrysops relictus,130392,47821,897
Chthonius ischnocheles,750924,172429,3
Chyromya oppidana,712448,329822,2
Cicada orni,243961,50186,2634
Cicadella viridis,52447,53237,3143
Cicurina cicur,446772,153505,118
Cimberis attelaboides,748585,174369,24
Cimbex femoratus,333695,53844,958
Cimex lectularius,69658,53667,384
Cixidia pilatoi,739606,174056,8
Cleonymus laticornis,1076513,1426984,2
Cloeon dipterum,217219,48009,328
Clogmia albipunctata,258813,52071,12291
Clonopsis gallica,337089,337090,693
Clubiona comta,362800,121773,53
Clusia tigrina,605917,157184,37
Coccinella septempunctata,51702,48486,98013
Coccophagus lycimnia,298823,201669,2
Coelopa frigida,194032,194033,103
Coenomyia ferruginea,465810,120352,321
Coleophora mayrella,321675,85704,227
Colletes hederae,433481,127740,1187
Compsothrips albosignatus,1103438,143336,19
Conwentzia psociformis,454958,245154,10
Coptosoma scutellatum,470124,60795,650
Cordulegaster boltonii,85057,57448,2561
Cordulia aenea,61429,61430,1838
Coreus marginatus,318545,51777,18636
Corizus hyoscyami,51707,53225,5144
Cortinicara gibbosa,174190,131059,32
Cossus cossus,362611,122745,4926
Cryphoeca silvicola,781406,52950,17
Cryptococcus fagisuga,54061,48026,622
Cryptops hortensis,336908,154635,34
Cryptorchestia garbinii,1085852,63288,5
Cryptostemma alienum,887463,343550,1
Cteniza sauvagesi,416698,57327,11
Ctenocephalides felis,311218,122216,76
Cucujus cinnaberinus,98787,85716,226
Culicoides impunctatus,467165,69803,6
Cybocephalus politus,989639,373331,2
Cychramus luteus,174082,126791,500
Cydia pomonella,47153,47155,3584
Cylindrotoma distinctissima,703293,60419,7
Cylisticus convexus,130170,130171,732
Cymus melanocephalus,556558,373002,125
Cynips quercusfolii,119642,55594,3509
Cyphoderus albinus,467025,245389,6
Cyrtus gibbus,324345,176389,51
Cytilus sericeus,487447,130840,119
Dactylopius opuntiae,335785,202092,191
Daktulosphaira vitifoliae,324587,319318,2638
Damaeus onustus,554920,172485,6
Dascillus cervinus,343019,128710,429
Dasypoda hirtipes,746682,154651,1280
Dendrophagus crenatus,876597,172901,58
Deraeocoris ruber,451784,53505,5049
Dermanyssus gallinae,263331,245182,2
Dermatophagoides farinae,262970,245205,1
Diacyclops bicuspidatus,218302,85718,9
Diadocidia ferruginosa,990629,354856,1
Diastata fuscula,542821,541547,1
Dichatomus acerinus,559275,85012,28
Dicranocephalus agilis,327167,327170,434
Dicranolasma soerensenii,526526,525956,14
Dictyla echii,437831,53506,380
Dictyophara europaea,550657,53509,445
Dicyrtomina ornata,205720,55168,758
Dinocampus coccinellae,128244,63187,266
Dioctria hyalipennis,135239,47982,4259
Dipara petiolata,629299,1426986,2
Dipljapyx humberti,877818,56218,2
Diplolepis rosae,205320,1501094,8476
Diprion similis,62626,49453,1722
Discomyza incurva,552407,84670,111
Distoleon tetragrammicus,119248,49358,1895
Ditomyia fasciata,624685,245527,7
Diurnea fagella,142778,452365,1002
Dixa nebulosa,1200092,245356,2
Dolichopoda azami,447928,61441,60
Dolichurus corniculus,990861,186860,8
Drosophila immigrans,329845,67742,300
Dryadaula heindeli,481678,531706,2
Dryinus collaris,633541,203211,2
Dysdera crocata,68912,69200,6511
Dyseriocrania subpurpurella,325266,173582,127
Eatoniana plumipes,912509,121478,20
Echinophthirius horridus,1105895,330603,1
Ecnomus tenellus,546185,83730,115
Ectobius lapponicus,203409,461451,1995
Ectopsocus petersi,321933,245131,265
Elenchus tenuicornis,663806,372987,2
Embia ramburi,712309,245142,7
Embolemus ruddii,1462659,244995,1
Emmelina monodactyla,127431,47404,9637
Empidideicus hackmani,1372753,447973,2
Empis tessellata,461172,49460,701
Empusa pennata,55122,51924,2546
Endomychus coccineus,504738,173237,1095
Endromis versicolora,128214,124755,469
Eoleptestheria ticinensis,1138283,153159,1
Ephemera danica,452500,48008,983
Ephoron virgo,546144,81982,19
Epiphragma ocellare,357312,47992,275
Eratigena duellica,750907,47345,2463
Eresus kollari,202770,62051,522
Eriocottis paradoxella,468426,177611,36
Eriophyes tiliae,319872,55584,4577
Eristalis tenax,55719,49995,39838
Ero aphana,746529,60351,134
Erythracarus pyrrholeucus,868744,625770,30
Ethmia bipunctella,219582,423543,1784
Eubranchipus grubii,460501,85684,41
Eubria palustris,991357,143858,2
Eucinetus haemorrhoidalis,219638,173492,21
Eurodachtha pallicornella,470955,82090,66
Eurycercus lamellatus,338152,533837,8
Eurygaster maura,327173,49525,1270
Eurytetranychus buxi,903829,128552,667
Eurytoma amygdali,962049,69751,5
Euscorpius flavicaudis,118942,56545,380
Eutelia adulatrix,71196,122126,391
Euthyas truncata,296933,245033,1
Fallenia fasciata,513784,120090,40
Fannia canicularis,121213,121214,70
Filistata insidiatrix,468121,49331,319
Gallocaris inermis,434917,85614,2
Gammarus lacustris,220287,59806,235
Gasteruption jaculator,472957,244996,65
Geocoris erythrocephalus,709890,146952,281
Geogarypus minor,917008,432741,1
Geomantis larvoides,468008,1097047,193
Geomyza tripunctata,326614,326615,235
Georissus crenulatus,624443,456677,1
Gigantodiaptomus amblyodon,1254906,85732,1
Glomeris marginata,56078,56080,1902
Glyphipterix simpliciella,354734,173889,269
Glyphotaelius pellucidus,324273,130015,961
Goera pilosa,482049,148208,113
Gracillaria syringella,320060,61353,418
Graphopsocus cruciatus,200017,200019,2899
Gryllotalpa gryllotalpa,71219,71220,1348
Gryllus campestris,71248,52884,5207
Grynocharis oblonga,101831,903246,47
Gryon misellum,485043,1078214,3
Halictus scabiosae,415589,49707,4705
Halophiloscia couchii,469862,469880,49
Hamearis lucina,133154,59166,1501
Haploembia solieri,56835,56836,50
Haplophthalmus danicus,220920,86114,722
Hebrus pusillus,624522,178192,18
Hedychrum rutilans,469708,126149,459
Helcomyza ustulata,775651,373033,8
Heliodines roesella,1047934,82516,5
Heliozela resplendella,522499,126380,7
Helophorus grandis,131106,1156101,7
Helorus anomalipes,853749,371087,5
Henia vesuviana,68721,133161,162
Heptagenia sulphurea,482035,48006,46
Heptamelus ochroleucus,992619,1398093,1
Heterocerus fenestratus,733190,174627,116
Heterocypris incongruens,210271,85722,7
Heterogaster urticae,390463,177890,616
Heterogynis penella,320875,320876,15
Heydenia pretiosa,957597,1426991,4
Himacerus mirmicoides,130127,129878,2640
Himantarium gabrielis,513922,69828,87
Hirsutiella zachvatkini,1193199,245044,1
Hirudisoma latum,1497788,154911,2
Hofmannophila pseudospretella,129570,81690,3485
Hogna radiata,326871,47416,3955
Hololepta plana,343748,68869,138
Holopedium gibberum,483820,483821,4
Holoscotolemon querilhaci,526493,172615,45
Homotoma ficus,474753,372899,82
Hybosorus illigeri,908673,174507,344
Hydrachna geographica,491296,373047,1
Hydraena testacea,978755,176632,2
Hydrobius fuscipes,221612,127444,275
Hydrochus crenatus,992874,1156100,3
Hydrodroma despiciens,262582,245039,2
Hydrogamasus littoralis,1357748,245171,1
Hydrometra stagnorum,327185,177751,753
Hydropsyche exocellata,1115664,62163,12
Hydroscapha granulum,1231348,322188,1
Hygrobia hermanni,547330,483657,36
Ibalia leucospoides,209083,48004,19
Ilyocoris cimicoides,358327,67615,443
Ilyocryptus sordidus,338149,338151,1
Imnadia yeyetta,1076475,153160,4
Incurvaria masculella,205344,51268,300
Infurcitinea atrifasciella,468456,504832,18
Iphidosoma fimetarium,1045716,245177,1
Iris oratoria,67437,349368,2895
Ischnodemus sabuleti,510323,489050,398
Ischnura elegans,61508,47925,17882
Ischyropsalis luteipes,525948,525950,19
Ismarus dorsiger,1368621,246225,5
Isoscelipteron glaserellum,557605,177315,22
Issus coleoptratus,141761,56579,1602
Ixodes ricinus,51671,51673,1539
Kalaphorura burmeisteri,980857,171694,27
Kalotermes flavicollis,245870,143496,326
Kermes roboris,737435,49027,6
Kleidocerys resedae,261586,55558,4874
Labidura riparia,307026,85850,1651
Lachesilla pedicularia,270880,245115,6
Lagria hirta,324093,53816,2473
Lagynodes pallidus,1082188,367445,4
Lampronia rupella,548965,63177,78
Lampyris noctiluca,143617,47731,3322
Lasioderma serricorne,47493,82167,214
Lasius fuliginosus,124150,47336,2464
Leiobunum rotundum,154449,57325,1858
Lemonia dumi,578767,179915,81
Lepidosaphes ulmi,391478,48093,65
Lepidostoma hirtum,208049,125808,25
Lepisma chlorosoma,1158040,48300,29
Leptodora kindtii,1019939,127517,9
Leptopsylla segnis,307814,245118,1
Leptopus marmoratus,521452,470010,46
Lernaea cyprinacea,739842,354113,6
Leucospis dorsigera,466441,245000,89
Leuctra hippopus,498597,148187,7
Libellula quadrimaculata,57443,47819,15970
Lichtensia viburni,636852,49456,11
Ligia oceanica,55356,55357,1020
Limnaecia phragmitella,223680,82340,1447
Limnochares aquatica,997134,245040,6
Liocranum rupicola,468117,153717,427
Liophrurillus flavitarsis,559311,416723,262
Lipeurus caponis,330643,173070,9
Lipoptena cervi,130393,48818,907
Liposcelis meridionalis,1337953,245144,2
Lithobius forficatus,122234,122236,1386
Livia junci,207530,460832,88
Lobonyx aeneus,470093,363624,266
Lonchoptera bifurcata,203415,203416,278
Lophoproctus lucidus,1351725,245112,7
Loricula elegantula,451684,174329,40
Lotophila atra,922447,177496,24
Loxosceles rufescens,151792,48140,873
Lucanus cervus,61749,49083,13138
Lucilia sericata,128824,61860,4966
Lyctocoris dimidiatus,887504,464024,6
Lygistopterus sanguineus,501467,49360,1333
Lymantria dispar,47802,121850,31447
Lymexylon navale,500403,246114,33
Lynceus brachyurus,122267,122268,2
Lyonetia clerkella,207527,177236,568
Machilinus rupestris,903515,245396,20
Macrocera phalerata,712462,125922,15
Macrocheles muscaedomesticae,263399,172592,1
Macroglossum stellatarum,56293,47213,13704
Macromia splendens,105048,67722,27
Macronychus quadrituberculatus,504160,85753,10
Macrothylacia rubi,127506,56584,10686
Malachius bipustulatus,326491,82067,2500
Mantis religiosa,53905,48111,29688
Mantispa styriaca,338651,52955,565
Marchalina hellenica,447672,746711,28
Megalodontes cephalotes,337733,337737,57
Megamerina dolium,511381,511382,24
Megaselia rufipes,392352,55351,2
Megastigmus pistaciae,1083558,857366,10
Melanophora roralis,342608,48286,539
Melanthrips fuscus,917202,981068,1
Melasis buprestoides,709180,47886,28
Meloe proscarabaeus,82109,59510,1849
Menacanthus stramineus,236895,172772,3
Meria tripunctata,465445,605157,22
Mesembrina meridiana,333502,70144,2644
Mesopolobus tibialis,558690,125448,21
Mesopsocus fuscifrons,1308091,359475,23
Mesovelia furcata,949036,174616,26
Metatropis rufescens,451781,57804,334
Metellina merianae,437909,47551,912
Metoecus paradoxus,131825,133086,123
Metylophorus nebulosus,210299,120991,163
Metzneria lappella,118556,55519,654
Microcara testacea,549960,47595,101
Microdipoena jobi,789022,172221,14
Micrommata virescens,121766,47867,2377
Micromus variegatus,364111,118993,622
Micronecta scholtzi,123942,201252,14
Micropeza corrigiolata,486982,132187,255
Micropterix calthella,344870,173650,542
Microvelia reticulata,886234,119047,38
Mikiola fagi,244644,55699,3415
Milichia speciosa,462166,329891,6
Millieria dolosalis,875806,981683,10
Minettia longipennis,356403,118991,355
Misumena vatia,55746,47866,23185
Moina brachiata,483836,209038,1
Molannodes tinctus,225198,176962,5
Mompha subbistrigella,320101,176953,122
Monodontomerus obscurus,962054,203199,15
Monopis crocicapitella,225223,124262,736
Mordellochroa abdominalis,496687,81969,226
Mutilla europaea,555495,48511,421
Mycetaea subterranea,225311,471717,36
Mycetaulus bipunctatus,371928,326644,12
Mycetophagus quadripustulatus,712159,85909,198
Mycterus curculioides,470347,176908,65
Myopsocus eatoni,425406,142220,25
Myrmecophilus acervorum,48612,50159,89
Myrmosa atra,127810,246226,42
Mystacides longicornis,326757,85862,1130
Nanogona polydesmoides,336978,50426,122
Neelus murinus,261683,203288,10
Nemasoma varicorne,337012,154928,9
Nemastoma bimaculatum,451367,245376,433
Nemesia simoni,786720,47369,3
Nemobius sylvestris,362296,84812,2189
Nemopoda nitidula,70137,70140,56
Nemoptera bipennis,343354,48759,343
Nemurella pictetii,460535,173242,6
Neobisium carcinoides,490815,85918,26
Neomolgus littoralis,120956,120955,89
Neonaphorura duboscqi,1010289,171561,2
Nepa cinerea,133020,119347,2076
Nephrocerus scutellatus,1028702,144038,3
Neriene radiata,225815,67599,2318
Nesticus cellulanus,225916,153826,110
Neureclipsis bimaculata,225935,154684,104
Neurotoma saltuum,734712,143249,195
Nigma walckenaeri,84521,84523,1574
Niphargus vandeli,1504781,85927,1
Noctua pronuba,81687,48670,31252
Nosodendron fasciculare,1045626,176662,8
Noterus clavicornis,547326,177769,17
Notonecta glauca,56554,56556,355
Notoxus monoceros,131885,85586,428
Nurscia albomaculata,557066,153568,136
Nyctia halterata,326632,52910,45
Ochlodes sylvanus,61781,47653,15630
Ochodaeus chrysomeloides,1086497,176640,11
Ochterus marginatus,469904,430400,13
Octotemnus glabriculus,546312,82343,19
Ocypus olens,53869,47951,3573
Odinia meijerei,1200550,329916,1
Odontocerum albicorne,416811,176700,188
Oecanthus pellucens,332307,1449512,1278
Oecobius navus,226250,47587,1336
Oedemera nobilis,61844,61845,9717
Oegoconia novimundi,321374,210585,439
Oithona similis,203469,171781,2
Olibrus bicolor,606942,132036,12
Oligoneuriella rhenana,570735,154638,9
Oligotricha striata,454883,172903,66
Olpium pallipes,917014,245012,4
Omalisus fontisbellaquei,548785,548786,126
Ommatoiulus sabulosus,205191,121483,2158
Oniscus asellus,48284,48291,13828
Onychogomphus forcipatus,132663,51128,3402
Oodera formosa,1076527,1426998,1
Oonops domesticus,416684,57647,15
Opetia nigra,625523,558003,5
Ophiodesmus albonanus,336993,171317,2
Orchesella cincta,132308,132310,2897
Orectochilus villosus,483641,119971,6
Ormyrus pomaceus,964650,244999,1
Orsodacne cerasi,176239,176274,259
Orthezia urticae,554438,49576,64
Orthometopon planum,544096,813910,105
Orussus abietinus,856314,204682,33
Osmylus fulvicephalus,520505,341889,252
Osphya bipunctata,176258,173723,90
Oxycarenus lavaterae,209661,453211,2745
Oxyopes heterophthalmus,326355,83843,559
Oxythyrea funesta,68328,48201,16909
Palaeococcus fuscipennis,522347,428253,10
Palloptera umbellatarum,497155,147033,64
Palomena prasina,62060,47742,24776
Panorpa communis,51699,51700,1851
Papilio machaon,56529,47223,19976
Parainocellia bicolor,494353,244083,33
Paraiteaphila italica,1498621,702386,2
Paraleptoneta spinimana,805004,85865,2
Paraleptophlebia submarginata,482038,81975,28
Parasitellus fucorum,566178,85394,15
Pauropus huxleyi,394658,245087,1
Pedicia rivosa,70401,70402,144
Pediculus humanus,321532,47438,128
Pelidnoptera nigripennis,326636,326637,4
Pelochares versicolor,1123175,176390,5
Peltis ferruginea,540980,1408672,191
Peltodytes caesus,624420,173193,13
Penicillidia conspicua,1205835,347845,2
Penthaleus major,297453,245222,67
Peribatodes rhomboidaria,83459,49530,12491
Perilampus aeneus,703175,203268,46
Peripsocus subfasciatus,308174,245116,46
Perla marginata,503857,154347,19
Perlamantis alliberti,341628,55129,87
Perlodes microcephalus,504993,123940,23
Phalangium opilio,84644,57409,16263
Phalera bucephala,55361,47718,5476
Phaneroserphus calcar,1016216,203200,28
Phaulernis dentella,524652,173638,48
Philaenus spumarius,56189,56195,6032
Philanthus triangulum,143529,51955,3350
Philodromus dispar,227754,47868,2470
Philoscia muscorum,48292,48294,8806
Phloiophilus edwardsii,865359,572458,31
Phosphuga atrata,362281,53849,3555
Physiphora alceae,334334,125458,537
Phytomyza ilicis,69629,48086,2375
Phytoptus avellanae,55560,373126,140
Pieris rapae,55626,48508,83227
Piesma maculatum,631042,343428,53
Pijnackeria masettii,747874,47320,100
Pimoa rupicola,484769,172367,2
Pisaura mirabilis,55787,55788,17488
Placonotus testaceus,549915,174146,28
Platyarthrus hoffmannseggii,205749,205750,327
Platycnemis pennipes,109650,85991,13951
Platynocheilus cuprifrons,519334,471987,1
Platystoma seminationis,62005,62007,473
Platystomos albinus,317906,172909,870
Plea minutissima,490806,130977,93
Pleuroxus aduncus,483920,85693,20
Plutella xylostella,126765,126766,10813
Podura aquatica,207912,207915,173
Poecilobothrus nobilitatus,451398,68020,680
Polistes dominula,84640,52747,30504
Pollenia vagabunda,448298,932929,455
Polydesmus angustus,127612,121480,213
Polydrusus formosus,494559,48736,6541
Polyommatus icarus,55641,47923,31223
Polypedilum nubifer,1102814,53275,55
Polyphemus pediculus,483930,483931,42
Polyplax serrata,395500,330609,1
Polyxenus lagurus,133872,133871,536
Polyzonium germanicum,336995,121554,69
Pomatinus substriatus,505411,178026,18
Porcellio scaber,122238,122239,21007
Potamanthus luteus,781005,123605,30
Prays fraxinella,324792,479723,173
Prionoglaris stygia,1021899,480276,16
Prionotropis azami,760202,120414,25
Proasellus meridianus,483954,85607,3
Propsocus pulchripennis,141763,141764,34
Prosevania fuscipes,476070,199595,73
Prostomis mandibularis,704734,373135,24
Protoglomeris vasconica,1409260,563778,4
Pselaphochernes scorpioides,554551,172612,8
Pseudochorthippus parallelus,501625,47649,10754
Pseudogonalos hahnii,905036,343418,18
Pseudopostega crepusculella,522492,176537,25
Psila fimetaria,712461,319827,192
Psilochorus simoni,318908,47823,57
Psyche casta,61413,61415,1693
Psylla buxi,207696,48194,1596
Psyllipsocus ramburii,229302,212154,23
Ptenidium pusillum,395962,48304,3
Pterolonche albescens,468566,458020,8
Pthirus pubis,395978,372921,8
Ptychoptera contaminata,418158,82156,130
Pyralis farinalis,199870,49683,8306
Pyrgomorpha conica,154231,85311,511
Pyrochroa serraticornis,61517,51681,4746
Pyrrhocoris apterus,55610,55612,33127
Pytho depressus,622770,211805,110
Reduvius personatus,56521,48959,3282
Reticulitermes urbis,1425534,119932,22
Rhagio tringarius,321826,60470,1934
Rhagonycha fulva,62456,52932,22423
Rhinocola aceris,207578,446767,8
Rhizophagus bipustulatus,484658,174606,71
Rhyacophila dorsalis,482050,86047,2
Rhyparochromus vulgaris,141731,141732,3897
Rhysodes sulcatus,945553,174406,4
Riccardoella oudemansi,297378,245271,28
Roeslerstammia erxlebella,499934,373154,31
Rondaniella dimidiata,639211,83736,13
Rutpela maculata,62321,47961,8359
Sabacon simoni,1516531,172246,2
Saldula saltatoria,318796,135298,28
Salmincola edwardsii,424018,171327,2
Salpingus planirostris,541538,131987,81
Salticus scenicus,68901,48139,17999
Sapygina decemguttata,502160,209572,319
Saturnia pavonia,59346,47918,2364
Saxidromus delamarei,1205340,246196,2
Scapholeberis mucronata,203493,85726,23
Scathophaga stercoraria,132718,68719,5330
Scatopse notata,230507,203230,37
Scenopinus fenestralis,707301,245353,29
Schendyla nemorensis,230519,171453,32
Schreckensteinia festaliella,345532,345534,142
Sciara hemerobioides,334614,85259,113
Scolia hirta,131031,51967,2625
Scolopendra cingulata,128145,53764,2386
Scotolemon doriae,1305691,56367,31
Scotophaeus blackwalli,206295,50168,712
Scutigera coleoptrata,49552,49554,12707
Scythris limbella,230748,124020,191
Scytodes thoracica,57450,47431,2300
Segestria florentina,320827,57806,1042
Selamia reticulata,783872,48893,38
Sericoderus lateralis,203329,174370,14
Sericostoma personatum,451393,172828,42
Sericothrips staphylinus,409097,83443,13
Serratella ignita,416524,48010,46
Sesia apiformis,354819,51573,705
Sialis lutaria,319948,57846,40
Sicus ferrugineus,70175,61893,808
Sida crystallina,168927,338147,17
Sigara striata,624508,84735,21
Silba fumosa,1067653,322936,60
Simulium ornatum,521067,63164,2
Siphlonurus lacustris,1016662,86070,2
Siphonoperla torrentium,451407,85690,4
Siro rubens,525943,515815,126
Sisyra nigra,363245,211247,208
Sminthurides aquaticus,296715,171622,34
Sminthurinus elegans,296640,245385,37
Solva marginata,624336,245354,149
Spalangia nigripes,628765,1427001,1
Spercheus emarginatus,829395,370620,13
Sphaerites glabratus,908311,342437,8
Sphaerosoma pilosum,491919,491921,10
Sphex funerarius,466438,48742,1006
Spinturnix andegavinus,1280350,245166,1
Stathmopoda pedella,204720,360121,169
Steatoda nobilis,366894,47371,10455
Steganacarus magnus,955886,245219,2
Stenoniscus pleonalis,329168,245410,1
Stephanus serrator,735484,155498,116
Stigmella aurella,339411,85925,419
Stilbula cyniformis,752818,245001,18
Stiphrosoma sabulosum,548220,329767,2
Stomorhina lunata,326655,326656,1987
Stosatea italica,336996,132949,39
Streblocerus serricaudatus,483842,128810,5
Stylops ater,1349393,143219,4
Suillia variegata,343752,154606,607
Sylvicola punctatus,471969,245529,188
Symbiotes gibberosus,232053,506547,11
Tachina fera,52591,51953,2441
Tachycixius pilosus,547019,84074,126
Tachypeza nubila,780656,174422,120
Taeniopteryx nebulosa,482059,173394,21
Tanymastix stagnalis,488343,488344,21
Tanypeza longimana,765761,502052,33
Telema tenella,778282,172218,2
Temnoscheila caerulea,538124,84653,43
Teredus cylindricus,1014569,471716,7
Tetratoma fungorum,481158,174618,72
Tetrix subulata,129129,57658,1434
Tettigometra virescens,785888,466616,22
Tettigonia viridissima,133250,48124,16071
Thaumatomyia glabra,133767,127593,200
Thereva nobilitata,362410,202796,53
Theridiosoma gemmosum,153777,153780,231
Thersitina gasterostei,475653,339090,1
Thyatira batis,123022,84430,2686
Thymalus limbatus,703310,903240,34
Thyreocoris scarabaeoides,483176,133023,132
Thyris fenestrella,462041,82790,548
Tinagma perdicella,805234,178892,41
Tinodes waeneri,459194,154589,86
Tiphia femorata,604483,132105,143
Tipula paludosa,61917,51225,851
Tischeria ekebladella,468692,86104,367
Tomocerus vulgaris,472617,62038,325
Trabutina mannipara,60937,49574,7
Trachelipus rathkii,203479,171569,6051
Trichocera annulata,324127,178781,163
Trichodes apiarius,55048,55051,4723
Trichopria verticillata,1376656,203213,2
Trichopsocus clarus,398313,245089,102
Trigoniophthalmus alternatus,372465,142291,350
Trimerocaecilius becheti,1021943,245122,1
Triodia sylvina,461806,53783,7270
Triops cancriformis,60408,60397,146
Trioza centranthi,706328,85406,226
Tritoma bipustulata,114499,82103,205
Tritomegas bicolor,57839,57843,1727
Trixagus dermestoides,606937,172934,27
Trombidium holosericeum,58397,57652,10
Trox scaber,233070,122635,148
Trypetimorpha occidentalis,914833,129579,4
Trypetoptera punctulata,338542,127180,621
Tuberolachnus salignus,354036,52381,1229
Tunga penetrans,308601,245124,12
Tylos europaeus,210228,210130,55
Udea rubigalis,143615,52002,13537
Uloborus plumipes,372517,121468,776
Urocerus gigas,51560,53256,1079
Urophora cardui,63066,47990,2069
Valenzuela flavidus,308612,245105,571
Vanessa atalanta,49133,47922,94920
Varroa destructor,194693,194695,94
Vermileo vermileo,465598,245355,16
Vertagopus arboreus,339899,171479,87
Vesperus xatarti,371688,370757,84
Withius hispanus,973331,245032,2
Wockia asperipunctella,453470,417189,43
Xanthostigma xanthostigma,417954,60052,277
Xenillus tegeocranus,917071,245185,1
Xenos vesparum,486031,1422701,116
Xiphydria camelus,775763,371090,163
Xya variegata,473191,173724,63
Xyela julii,1019280,343826,7
Yponomeuta evonymella,324630,53553,3558
Ypsolopha dentella,207523,207652,1156
Zeugophora subspinosa,321916,178545,15
Zora spinimana,360548,61867,72
Zoropsis spinimana,127112,127113,5657
Zygaena lonicerae,82108,52028,2289
Zygiella x-notata,155279,1492648,2488
